x,y,z
0,0,5
0.00999999499332095,1.00066750103535E-05,5.0000000033375
0.0199999498531786,4.00533098571726E-05,5.00000002667499
0.0299998242190213,9.01797833970682E-05,5.00000009001239
0.0399995774894243,0.000160425892555781,5.00000021334944
0.0499991688216575,0.000250831351355366,5.00000041668566
0.059998557131257,0.000361435789936254,5.00000072002022
0.0699977010915997,0.000492278753574181,5.00000114335189
0.0799965591334814,0.000643399701691984,5.00000170667896
0.0899950894446985,0.00081483800686628,5.0000024299991
0.0999932499696325,0.00100663295382899,5.00000333330932
0.109990998408839,0.00121882373846375,5.00000443660587
0.119988292218638,0.00145144946679717,5.00000575988415
0.129985088610712,0.00170454915398497,5.00000732313859
0.139981344551702,0.00197816172329294,5.00000914636261
0.149977016762811,0.00227232600507285,5.00001124954848
0.15997206171941,0.00258708073573312,5.00001365268724
0.169966435650651,0.00292246455670441,5.00001637576859
0.179960094539073,0.00327851601340005,5.00001943878083
0.189952994120227,0.00365527355417135,5.00002286171073
0.199945089882291,0.00405277552925774,5.00002666454342
0.2099363370657,0.00447106018973178,5.00003086726232
0.219926690662768,0.00491016568643911,5.00003548984901
0.229916105417327,0.00537013006893311,5.00004055228314
0.239904535824358,0.00585099128440451,5.00004607454233
0.249891936129635,0.00635278717660595,5.00005207660204
0.259878260329366,0.0068755554847712,5.00005857843549
0.269863462169844,0.00741933384252946,5.00006560001352
0.279847495147095,0.00798415977681435,5.00007316130452
0.289830312506539,0.00857007070676792,5.00008128227428
0.299811867242646,0.0091771039426394,5.00008998288591
0.309792112098604,0.00980529668467892,5.00009928309968
0.319770999565984,0.0104546860220261,5.00010920287296
0.329748481884416,0.0111253089315933,5.00011976216006
0.339724511041263,0.0118172022769444,5.00013098091215
0.349699038771304,0.0125304028071673,5.00014287907709
0.35967201655642,0.0132649471557427,5.00015547659935
0.369643395625281,0.0140208718394066,5.0001687934199
0.379613126953043,0.0147982132570086,5.00018284947603
0.389581161261046,0.0155970076883642,5.00019766470128
0.399547449016518,0.0164172912931026,5.00021325902528
0.409511940432277,0.0172591001095097,5.00022965237364
0.419474585466453,0.0181224700533649,5.00024686466783
0.429435333822193,0.0190074369167741,5.00026491582502
0.439394134947394,0.0199140363669965,5.00028382575797
0.449350938034418,0.0208423039452673,5.00030361437492
0.45930569201983,0.0217922750656143,5.00032430157938
0.46925834558413,0.0227639850136707,5.00034590727009
0.479208847151494,0.0237574689454815,5.00036845134082
0.489157144889517,0.0247727618863057,5.00039195368024
0.499103186708964,0.0258098987294133,5.00041643417181
0.509046920263526,0.0268689142348769,5.00044191269362
0.518988292949574,0.0279498430283589,5.00046840911824
0.528927251905929,0.0290527195998929,5.00049594331257
0.538863744013627,0.0301775783026609,5.00052453513773
0.548797715895695,0.0313244533517645,5.0005542044489
0.55872911391693,0.0324933788229922,5.00058497109515
0.568657884183683,0.0336843886515805,5.00061685491931
0.578583972543649,0.0348975166309713,5.00064987575781
0.588507324585659,0.0361327964115632,5.00068405344055
0.598427885639483,0.037390261499458,5.00071940779073
0.608345600775633,0.0386699452552032,5.00075595862468
0.618260414805174,0.0399718808925283,5.00079372575173
0.628172272279538,0.0412961014770766,5.00083272897405
0.638081117490347,0.0426426399251323,5.00087298808646
0.647986894469238,0.0440115290023423,5.00091452287633
0.657889546987694,0.0454028013224333,5.00095735312335
0.667789018556883,0.046816489345924,5.00100149859942
0.677685252427499,0.0482526253788318,5.00104697906843
0.68757819158961,0.0497112415713758,5.00109381428617
0.697467778772513,0.0511923699166735,5.00114202400008
0.707353956444593,0.0526960422494337,5.00119162794916
0.717236666813186,0.0542222902446439,5.00124264586371
0.727115851824455,0.0557711454162531,5.00129509746525
0.736991453163259,0.0573426391158499,5.00134900246629
0.746863412253042,0.0589368025313351,5.00140438057016
0.756731670255716,0.0605536666855907,5.00146125147085
0.766596168071558,0.0621932624351422,5.00151963485282
0.77645684633911,0.0638556204688183,5.00157955039082
0.786313645435083,0.0655407713064044,5.00164101774972
0.796166505474269,0.0672487452972907,5.00170405658432
0.80601536630946,0.0689795726191182,5.00176868653916
0.81586016753137,0.0707332832764166,5.00183492724835
0.825700848468568,0.0725099070992399,5.00190279833537
0.83553734818741,0.0743094737417962,5.00197231941288
0.845369605491985,0.0761320126810734,5.00204351008254
0.855197558924062,0.0779775532154592,5.0021163899348
0.865021146763044,0.0798461244633573,5.00219097854874
0.874840307025931,0.0817377553617987,5.00226729549184
0.884654977467285,0.0836524746650483,5.0023453603198
0.894465095579208,0.0855903109432071,5.00242519257636
0.904270598591316,0.0875512925808088,5.00250681179304
0.914071423470731,0.0895354477754134,5.00259023748902
0.923867506922075,0.0915428045361947,5.00267548917088
0.933658785387464,0.0935733906825242,5.00276258633241
0.94344519504652,0.0956272338425496,5.00285154845442
0.953226671816382,0.0977043614517699,5.00294239500451
0.963003151351726,0.099804800751605,5.00303514543688
0.972774569044792,0.101928578787961,5.0031298191921
0.982540860025417,0.10407572240979,5.00322643569692
0.992301959161074,0.106246258267649,5.00332501436405
1.00205780105692,0.108440212812251,5.00342557459192
1.01180832005586,0.11065761229301,5.00352813576451
1.02155345023858,0.112898482756589,5.00363271725108
1.03129312542364,0.115162850045431,5.003739338406
1.04102727916755,0.117450739796303,5.00384801856849
1.05075584476484,0.119762177438818,5.00395877706242
1.06047875524815,0.122097188193964,5.00407163319606
1.07019594338833,0.124455797072627,5.00418660626189
1.07990734169454,0.126838028874102,5.00430371553635
1.08961288241437,0.129243908184612,5.0044229802796
1.09931249753395,0.131673459375813,5.0045444197353
1.10900611877807,0.134126706603298,5.00466805313041
1.11869367761033,0.136603673805101,5.00479389967489
1.12837510523326,0.139104384700186,5.00492197856151
1.13805033258848,0.141628862786943,5.00505230896561
1.14771929035686,0.144177131341675,5.00518491004485
1.15738190895867,0.146749213417082,5.00531980093895
1.16703811855376,0.149345131840736,5.00545700076949
1.17668784904172,0.151964909213562,5.00559652863965
1.18633103006209,0.154608567908303,5.00573840363394
1.19596759099455,0.157276130067991,5.00588264481798
1.20559746095911,0.15996761760441,5.00602927123823
1.2152205688163,0.162683052196552,5.00617830192178
1.22483684316744,0.165422455289075,5.00632975587604
1.23444621235482,0.168185848090751,5.00648365208853
1.24404860446196,0.170973251572918,5.00664000952661
1.25364394731381,0.173784686467916,5.0067988471372
1.26323216847706,0.176620173267532,5.00696018384658
1.27281319526035,0.179479732221435,5.00712403856005
1.28238695471453,0.182363383335606,5.00729043016176
1.29195337363299,0.185271146370766,5.00745937751435
1.30151237855187,0.1882030408408,5.00763089945875
1.3110638957504,0.191159086011179,5.00780501481389
1.32060785125117,0.194139300897377,5.00798174237645
1.33014417082046,0.197143704263281,5.00816110092055
1.33967277996853,0.200172314619602,5.00834310919751
1.34919360394996,0.203225150222282,5.00852778593556
1.35870656776399,0.206302229070895,5.00871514983959
1.36821159615481,0.209403568907046,5.00890521959084
1.37770861361198,0.212529187212766,5.00909801384664
1.38719754437075,0.215679101208902,5.00929355124012
1.39667831241242,0.218853327853509,5.00949185037993
1.40615084146471,0.222051883840231,5.00969292984997
1.41561505500218,0.225274785596685,5.00989680820907
1.42507087624661,0.228522049282835,5.01010350399076
1.43451822816735,0.231793690789372,5.0103130357029
1.4439570334818,0.235089725736081,5.01052542182747
1.4533872146558,0.238410169470211,5.01074068082024
1.46280869390406,0.241755037064839,5.01095883111045
1.47222139319057,0.245124343317232,5.01117989110057
1.48162523422911,0.248518102747205,5.01140387916596
1.49102013848363,0.251936329595476,5.0116308136546
1.50040602716877,0.25537903782202,5.01186071288675
1.50978282125032,0.258846241104414,5.01209359515469
1.51915044144569,0.262337952836188,5.01232947872239
1.52850880822441,0.265854186125166,5.01256838182522
1.53785784180862,0.269394953791801,5.01281032266962
1.54719746217361,0.272960268367523,5.01305531943281
1.55652758904832,0.276550142093061,5.01330339026248
1.56584814191586,0.280164586916784,5.01355455327644
1.57515904001408,0.283803614493026,5.01380882656238
1.58446020233609,0.28746723618041,5.01406622817747
1.59375154763082,0.291155463040173,5.0143267761481
1.60303299440361,0.294868305834486,5.01459048846954
1.61230446091679,0.298605775024771,5.01485738310562
1.62156586519022,0.302367880770018,5.0151274779884
1.63081712500194,0.306154632925094,5.01540079101784
1.64005815788876,0.309966041039055,5.01567734006153
1.64928888114686,0.313802114353457,5.01595714295427
1.65850921183246,0.317662861800652,5.0162402174978
1.6677190667624,0.321548292002098,5.01652658146048
1.67691836251484,0.325458413266657,5.01681625257691
1.68610701542987,0.32939323358889,5.0171092485476
1.69528494161022,0.333352760647358,5.01740558703871
1.70445205692191,0.337337001802911,5.01770528568158
1.71360827699495,0.341345964096978,5.01800836207252
1.72275351722404,0.345379654249861,5.01831483377238
1.73188769276926,0.349438078659016,5.01862471830626
1.7410107185568,0.35352124339734,5.01893803316311
1.7501225092797,0.357629154211455,5.01925479579545
1.75922297939859,0.361761816519988,5.01957502361896
1.76831204314239,0.365919235411845,5.01989873401218
1.77738961450915,0.370101415644496,5.02022594431612
1.78645560726676,0.37430836164224,5.02055667183392
1.79550993495376,0.378540077494488,5.02089093383051
1.8045525108801,0.382796566954028,5.02122874753223
1.81358324812801,0.387077833435293,5.02157013012648
1.82260205955273,0.391383880012638,5.02191509876136
1.8316088577834,0.395714709418594,5.02226367054532
1.84060355522385,0.400070324042142,5.02261586254676
1.84958606405348,0.404450725926974,5.02297169179372
1.8585562962281,0.40885591676975,5.02333117527346
1.86751416348079,0.413285897918365,5.02369432993212
1.87645957732279,0.417740670370204,5.02406117267436
1.88539244904442,0.422220234770399,5.02443172036294
1.8943126897159,0.426724591410088,5.0248059898184
1.90322021018835,0.431253740224667,5.02518399781866
1.91211492109466,0.435807680792047,5.02556576109864
1.92099673285044,0.440386412330903,5.0259512963499
1.92986555565497,0.444989933698932,5.02634062022022
1.93872129949214,0.449618243391095,5.02673374931328
1.94756387413145,0.454271339537874,5.02713070018822
1.95639318912895,0.458949219903515,5.02753148935926
1.96520915382827,0.463651881884282,5.02793613329537
1.97401167736159,0.4683793225067,5.02834464841981
1.98280066865067,0.473131538425802,5.02875705110978
1.99157603640788,0.477908525923375,5.02917335769602
2.00033768913723,0.482710280906206,5.02959358446241
2.00908553513541,0.487536798904325,5.03001774764558
2.01781948249287,0.49238807506925,5.03044586343453
2.02653943909488,0.497264104172229,5.0308779479702
2.03524531262261,0.502164880602486,5.03131401734507
2.04393701055425,0.50709039836546,5.03175408760281
2.05261444016608,0.512040651081053,5.03219817473782
2.06127750853362,0.517015631981863,5.03264629469485
2.06992612253275,0.522015333911437,5.03309846336858
2.07856018884085,0.527039749322504,5.03355469660324
2.08717961393796,0.532088870275225,5.03401501019216
2.09578430410795,0.537162688435424,5.03447941987741
2.10437416543969,0.542261195072841,5.03494794134933
2.11294910382826,0.547384381059369,5.03542059024616
2.12150902497613,0.552532236867295,5.03589738215361
2.1300538343944,0.557704752567546,5.03637833260443
2.138583437404,0.562901917827929,5.03686345707801
2.14709773913696,0.568123721911375,5.03735277099996
2.15559664453765,0.573370153674184,5.03784628974166
2.16408005836402,0.578641201564267,5.03834402861986
2.17254788518894,0.583936853619396,5.03884600289627
2.18100002940143,0.589257097465439,5.03935222777709
2.18943639520798,0.594601920314614,5.03986271841262
2.19785688663389,0.599971308963739,5.04037748989681
2.20626140752454,0.605365249792469,5.04089655726683
2.21464986154682,0.610783728761553,5.04141993550267
2.22302215219039,0.616226731411082,5.04194763952663
2.23137818276909,0.621694242858735,5.04247968420298
2.23971785642232,0.627186247798038,5.04301608433744
2.24804107611643,0.632702730496613,5.04355685467679
2.25634774464611,0.638243674794428,5.04410200990841
2.26463776463581,0.643809064102061,5.04465156465984
2.27291103854118,0.64939888139895,5.04520553349837
2.28116746865051,0.655013109231653,5.04576393093051
2.28940695708618,0.660651729712109,5.04632677140166
2.2976294058061,0.666314724515899,5.04689406929555
2.30583471660527,0.672002074880505,5.04746583893388
2.31402279111718,0.677713761603584,5.04804209457581
2.32219353081537,0.683449765041223,5.04862285041754
2.33034683701497,0.689210065106216,5.04920812059183
2.33848261087415,0.694994641266332,5.04979791916759
2.34660075339578,0.700803472542581,5.05039226014938
2.35470116542889,0.706636537507499,5.05099115747696
2.36278374767028,0.71249381428342,5.05159462502484
2.37084840066614,0.71837528054075,5.05220267660184
2.37889502481359,0.724280913496255,5.05281532595058
2.38692352036233,0.730210689911342,5.05343258674706
2.39493378741627,0.736164586090348,5.05405447260018
2.40292572593512,0.742142577878818,5.05468099705124
2.41089923573613,0.74814464066181,5.05531217357356
2.41885421649566,0.75417074936218,5.05594801557191
2.42679056775092,0.760220878438883,5.05658853638211
2.43470818890166,0.766295001885271,5.05723374927053
2.44260697921186,0.77239309322739,5.05788366743363
2.45048683781144,0.778515125522296,5.05853830399746
2.45834766369803,0.784661071356357,5.05919767201722
2.46618935573869,0.790830902843567,5.05986178447676
2.47401181267167,0.797024591623856,5.06053065428813
2.48181493310821,0.803242108861417,5.06120429429104
2.48959861553429,0.809483425243018,5.06188271725247
2.49736275831249,0.815748510976338,5.06256593586609
2.50510725968372,0.822037335788286,5.06325396275186
2.51283201776916,0.828349868923338,5.06394681045549
2.52053693057199,0.834686079141873,5.064644491448
2.52822189597933,0.841045934718514,5.06534701812519
2.5358868117641,0.847429403440468,5.06605440280718
2.54353157558685,0.853836452605879,5.06676665773792
2.55115608499773,0.860267049022177,5.06748379508468
2.55876023743835,0.866721159004437,5.06820582693757
2.56634393024376,0.873198748373732,5.06893276530907
2.57390706064434,0.879699782455509,5.0696646221335
2.58144952576777,0.886224226077951,5.07040140926655
2.58897122264102,0.892772043570351,5.07114313848477
2.59647204819232,0.899343198761492,5.07188982148509
2.60395189925314,0.90593765497803,5.07264146988428
2.61141067256025,0.912555375042882,5.07339809521852
2.61884826475769,0.919196321273618,5.07415970894285
2.62626457239884,0.925860455480858,5.07492632243065
2.63365949194848,0.932547738966674,5.07569794697322
2.64103291978483,0.939258132523007,5.07647459377918
2.64838475220168,0.945991596430064,5.07725627397404
2.65571488541042,0.952748090454749,5.07804299859964
2.66302321554222,0.95952757384908,5.07883477861368
2.67030963865011,0.966330005348623,5.0796316248892
2.67757405071114,0.973155343170927,5.08043354821407
2.68481634762853,0.980003545013958,5.08124055929049
2.69203642523383,0.986874568054552,5.08205266873446
2.69923417928913,0.993768368946866,5.08286988707529
2.70640950548921,1.00068490382083,5.08369222475508
2.71356229946381,1.00762412828063,5.08451969212818
2.7206924567798,1.01458599740314,5.08535229946074
2.72779987294346,1.02157046573646,5.08619005693012
2.73488444340271,1.02857748729832,5.08703297462444
2.74194606354942,1.03560701557465,5.087881062542
2.74898462872163,1.04265900351802,5.08873433059084
2.75600003420591,1.04973340354615,5.08959278858813
2.76299217523963,1.05683016754046,5.09045644625972
2.76996094701331,1.06394924684452,5.09132531323961
2.77690624467297,1.07109059226264,5.09219939906939
2.78382796332246,1.07825415405836,5.09307871319775
2.79072599802583,1.08543988195298,5.09396326497997
2.79760024380976,1.09264772512415,5.09485306367736
2.80445059566592,1.09987763220438,5.09574811845677
2.81127694855338,1.10712955127961,5.09664843839002
2.81807919740108,1.11440342988777,5.09755403245345
2.82485723711024,1.12169921501738,5.09846490952731
2.83161096255681,1.12901685310611,5.09938107839529
2.83834026859399,1.13635629003938,5.10030254774396
2.84504505005467,1.14371747114895,5.10122932616226
2.85172520175397,1.15110034121152,5.10216142214099
2.85838061849171,1.15850484444738,5.10309884407223
2.86501119505501,1.16593092451897,5.10404160024883
2.87161682622077,1.17337852452958,5.10498969886391
2.87819740675826,1.18084758702194,5.1059431480103
2.88475283143172,1.18833805397688,5.10690195568001
2.89128299500291,1.19584986681201,5.10786612976369
2.89778779223372,1.20338296638033,5.10883567805013
2.90426711788882,1.21093729296898,5.10981060822569
2.91072086673827,1.21851278629785,5.11079092787379
2.91714893356017,1.22610938551833,5.11177664447435
2.92355121314335,1.23372702921196,5.11276776540328
2.92992760029,1.24136565538918,5.11376429793196
2.93627798981841,1.24902520148803,5.11476624922664
2.94260227656565,1.25670560437291,5.11577362634798
2.94890035539033,1.26440680033326,5.11678643625046
2.95517212117526,1.27212872508235,5.11780468578187
2.96141746883031,1.27987131375605,5.11882838168275
2.96763629329507,1.28763450091157,5.11985753058589
2.97382848954171,1.29541822052626,5.12089213901575
2.97999395257773,1.30322240599635,5.12193221338796
2.98613257744881,1.31104699013585,5.12297776000873
2.99224425924158,1.31889190517524,5.12402878507439
2.99832889308652,1.32675708276037,5.12508529467076
3.00438637416079,1.33464245395128,5.1261472947727
3.01041659769107,1.34254794922101,5.12721479124348
3.0164194589565,1.35047349845448,5.12828778983434
3.02239485329152,1.35841903094733,5.12936629618384
3.02834267608885,1.36638447540483,5.13045031581743
3.03426282280235,1.37436975994074,5.13153985414684
3.04015518895001,1.3823748120762,5.13263491646954
3.04601967011687,1.39039955873865,5.13373550796824
3.05185616195803,1.39844392626076,5.13484163371032
3.05766456020162,1.40650784037933,5.1359532986473
3.06344476065178,1.41459122623428,5.13707050761431
3.0691966591917,1.42269400836756,5.1381932653295
3.07492015178666,1.43081611072214,5.13932157639359
3.08061513448702,1.43895745664097,5.14045544528923
3.08628150343135,1.447117968866,5.14159487638054
3.09191915484944,1.45529756953717,5.14273987391251
3.09752798506545,1.46349618019142,5.14389044201052
3.10310789050093,1.47171372176171,5.14504658467974
3.10865876767802,1.47995011457609,5.14620830580462
3.11418051322254,1.48820527835674,5.14737560914837
3.11967302386711,1.49647913221902,5.14854849835238
3.12513619645438,1.50477159467057,5.1497269769357
3.13056992794011,1.51308258361041,5.15091104829452
3.13597411539647,1.52141201632802,5.15210071570159
3.14134865601512,1.52975980950248,5.15329598230572
3.14669344711052,1.53812587920159,5.15449685113121
3.15200838612313,1.54651014088104,5.15570332507736
3.15729337062263,1.55491250938355,5.15691540691788
3.16254829831123,1.56333289893803,5.15813309930037
3.16777306702689,1.57177122315881,5.15935640474579
3.17296757474664,1.58022739504482,5.16058532564795
3.17813171958987,1.5887013269788,5.16181986427291
3.18326539982164,1.59719293072653,5.1630600227585
3.18836851385603,1.60570211743611,5.16430580311378
3.19344096025946,1.61422879763717,5.16555720721845
3.19848263775405,1.62277288124018,5.16681423682241
3.20349344522101,1.63133427753574,5.16807689354515
3.208473281704,1.63991289519385,5.16934517887523
3.21342204641255,1.64850864226329,5.1706190941698
3.21833963872545,1.65712142617088,5.17189864065399
3.2232259581942,1.6657511537209,5.17318381942045
3.22808090454642,1.67439773109442,5.17447463142878
3.23290437768935,1.68306106384867,5.17577107750501
3.23769627771327,1.69174105691648,5.17707315834106
3.24245650489499,1.70043761460565,5.17838087449426
3.24718495970137,1.7091506405984,5.17969422638675
3.25188154279282,1.71788003795084,5.18101321430501
3.25654615502678,1.72662570909235,5.18233783839931
3.26117869746132,1.73538755582516,5.18366809868321
3.26577907135865,1.74416547932377,5.185003995033
3.27034717818866,1.75295938013449,5.1863455271872
3.27488291963255,1.76176915817498,5.18769269474604
3.27938619758639,1.77059471273374,5.18904549717093
3.28385691416471,1.77943594246974,5.19040393378394
3.28829497170412,1.78829274541197,5.1917680037673
3.29270027276694,1.797165018959,5.19313770616286
3.29707272014488,1.80605265987867,5.19451303987158
3.30141221686261,1.81495556430763,5.19589400365302
3.30571866618149,1.82387362775106,5.19728059612482
3.30999197160324,1.8328067450823,5.19867281576219
3.31423203687362,1.84175481054255,5.20007066089739
3.31843876598613,1.85071771774055,5.20147412971925
3.32261206318574,1.85969535965233,5.20288322027262
3.32675183297263,1.86868762862091,5.20429793045787
3.3308579801059,1.87769441635609,5.20571825803041
3.33493040960736,1.88671561393421,5.20714420060017
3.33896902676527,1.89575111179793,5.20857575563107
3.34297373713814,1.90480079975608,5.21001292044055
3.34694444655851,1.91386456698344,5.21145569219908
3.35088106113678,1.92294230202063,5.2129040679296
3.35478348726498,1.93203389277396,5.2143580445071
3.35865163162064,1.94113922651532,5.21581761865805
3.36248540117061,1.95025818988211,5.21728278695997
3.36628470317495,1.95939066887711,5.21875354584086
3.37004944519073,1.96853654886849,5.2202298915788
3.37377953507595,1.97769571458974,5.22171182030139
3.37747488099346,1.98686805013966,5.22319932798527
3.38113539141477,1.99605343898238,5.22469241045566
3.38476097512406,2.00525176394738,5.22619106338587
3.38835154122204,2.01446290722952,5.22769528229678
3.39190699912991,2.02368675038913,5.2292050625564
3.3954272585933,2.03292317435208,5.23072039937938
3.39891222968623,2.0421720594099,5.2322412878265
3.4023618228151,2.05143328521991,5.23376772280425
3.40577594872264,2.06070673080535,5.2352996990643
3.4091545184919,2.06999227455558,5.23683721120306
3.41249744355029,2.07928979422624,5.2383802536612
3.41580463567356,2.0885991669395,5.23992882072319
3.41907600698985,2.09792026918424,5.24148290651681
3.42231146998369,2.10725297681639,5.2430425050127
3.4255109375001,2.1165971650591,5.24460761002393
3.42867432274857,2.12595270850315,5.24617821520546
3.43180153930723,2.13531948110718,5.24775431405377
3.43489250112683,2.14469735619809,5.24933589990633
3.43794712253489,2.15408620647139,5.2509229659412
3.44096531823979,2.16348590399157,5.25251550517656
3.44394700333484,2.17289632019253,5.25411351047024
3.44689209330244,2.18231732587802,5.25571697451931
3.44980050401821,2.19174879122208,5.2573258898596
3.45267215175511,2.20119058576951,5.25894024886528
3.45550695318759,2.2106425784364,5.26056004374843
3.45830482539575,2.22010463751063,5.26218526655855
3.46106568586953,2.22957663065243,5.26381590918221
3.46378945251285,2.23905842489494,5.26545196334252
3.46647604364782,2.24854988664481,5.26709342059878
3.46912537801895,2.25805088168284,5.26874027234601
3.47173737479733,2.26756127516456,5.27039250981455
3.47431195358485,2.27708093162099,5.27205012406961
3.47684903441843,2.28660971495922,5.27371310601087
3.47934853777425,2.29614748846321,5.27538144637207
3.481810384572,2.30569411479449,5.27705513572055
3.48423449617911,2.31524945599294,5.27873416445693
3.48662079441503,2.32481337347754,5.28041852281459
3.48896920155549,2.33438572804722,5.28210820085936
3.49127964033677,2.34396637988168,5.28380318848905
3.49355203395999,2.35355518854225,5.2855034754331
3.4957863060954,2.36315201297278,5.28720905125214
3.49798238088668,2.37275671150054,5.28891990533763
3.50014018295524,2.38236914183718,5.29063602691145
3.50225963740458,2.39198916107966,5.29235740502554
3.50434066982452,2.40161662571124,5.29408402856145
3.50638320629563,2.41125139160253,5.29581588623006
3.50838717339352,2.42089331401247,5.29755296657109
3.51035249819319,2.43054224758945,5.29929525795281
3.51227910827338,2.44019804637236,5.30104274857164
3.51416693172093,2.44986056379171,5.30279542645177
3.51601589713517,2.45952965267081,5.30455327944481
3.51782593363226,2.46920516522687,5.30631629522941
3.5195969708496,2.47888695307225,5.30808446131093
3.5213289389502,2.48857486721566,5.30985776502106
3.52302176862705,2.49826875806342,5.31163619351748
3.5246753911076,2.50796847542071,5.31341973378351
3.52628973815805,2.51767386849289,5.31520837262776
3.52786474208787,2.52738478588682,5.31700209668381
3.52940033575415,2.53710107561223,5.31880089240984
3.53089645256604,2.54682258508308,5.32060474608832
3.53235302648921,2.55654916111898,5.32241364382566
3.53376999205022,2.56628064994664,5.32422757155192
3.53514728434102,2.57601689720131,5.32604651502046
3.53648483902338,2.58575774792828,5.3278704598076
3.53778259233332,2.59550304658442,5.32969939131236
3.53904048108558,2.60525263703972,5.3315332947561
3.54025844267807,2.61500636257883,5.33337215518225
3.54143641509635,2.62476406590273,5.33521595745597
3.5425743369181,2.6345255891303,5.33706468626389
3.54367214731757,2.64429077380001,5.33891832611379
3.54472978607007,2.65405946087164,5.34077686133429
3.54574719355646,2.66383149072793,5.34264027607461
3.54672431076762,2.67360670317637,5.34450855430427
3.54766107930896,2.68338493745099,5.34638167981278
3.54855744140488,2.69316603221412,5.34825963620941
3.5494133399033,2.70294982555826,5.35014240692289
3.55022871828013,2.71273615500793,5.35202997520117
3.55100352064381,2.72252485752156,5.35392232411112
3.55173769173976,2.7323157694934,5.35581943653831
3.55243117695494,2.74210872675552,5.35772129518674
3.55308392232233,2.75190356457973,5.35962788257859
3.55369587452547,2.76170011767963,5.36153918105398
3.55426698090293,2.77149822021262,5.36345517277073
3.55479718945287,2.781297705782,5.36537583970414
3.55528648021671,2.79109840507955,5.36730116768331
3.5557349591515,2.80090013970081,5.36923115863132
3.55614276431933,2.81070273044166,5.37116581873392
3.55651003453823,2.82050599977572,5.37310515443206
3.556836909368,2.83030977185085,5.37504917242187
3.55712352909599,2.84011387248543,5.37699787965448
3.55737003472311,2.8499181291647,5.37895128333596
3.55757656794994,2.85972237103684,5.38090939092718
3.55774327116289,2.86952642890908,5.38287221014366
3.5578702874206,2.87933013524365,5.38483974895542
3.55795776044032,2.88913332415366,5.38681201558688
3.55800583458454,2.89893583139887,5.38878901851662
3.55801465484762,2.90873749438142,5.39077076647727
3.55798436684264,2.91853815214139,5.39275726845526
3.5579151167883,2.92833764535237,5.39474853369072
3.55780705149596,2.93813581631685,5.39674457167719
3.55766031835681,2.94793250896159,5.39874539216146
3.55747506532913,2.95772756883291,5.40075100514334
3.55725144092571,2.96752084309183,5.4027614208754
3.55698959420135,2.97731218050922,5.40477664986281
3.55668967474049,2.98710143146082,5.40679670286302
3.55635183264497,2.99688844792218,5.40882159088552
3.5559762185219,3.00667308346353,5.41085132519162
3.55556298347164,3.01645519324464,5.41288591729412
3.55511227907591,3.02623463400948,5.41492537895708
3.55462425738602,3.03601126408092,5.41696972219551
3.55409907091119,3.0457849433553,5.41901895927506
3.55353687260701,3.05555553329696,5.42107310271176
3.55293781586406,3.06532289693273,5.42313216527165
3.55230205449654,3.07508689884621,5.42519615997052
3.55162974273114,3.08484740517223,5.42726510007353
3.5509210351959,3.094604283591,5.42933899909492
3.55017608690931,3.10435740332235,5.43141787079762
3.54939505326947,3.11410663511986,5.43350172919296
3.54857809004331,3.12385185126494,5.43559058854024
3.54772535335605,3.13359292556084,5.43768446334642
3.54683699968066,3.1433297333266,5.43978336836573
3.54591318582751,3.15306215139096,5.44188731859929
3.54495406893412,3.16279005808621,5.4439963292947
3.54395980645497,3.17251333324197,5.4461104159457
3.54293055615152,3.18223185817895,5.4482295942917
3.54186647608224,3.19194551570261,5.45035388031742
3.54076772459287,3.20165419009684,5.45248329025247
3.5396344603067,3.2113577671175,5.45461784057089
3.53846684211497,3.22105613398598,5.45675754799077
3.53726502916748,3.23074917938271,5.45890242947377
3.53602918086316,3.24043679344059,5.46105250222471
3.53475945684091,3.25011886773838,5.4632077836911
3.53345601697041,3.25979529529409,5.46536829156268
3.53211902134318,3.26946597055826,5.46753404377097
3.53074863026361,3.27913078940726,5.4697050584888
3.52934500424023,3.28878964913651,5.47188135412983
3.52790830397702,3.29844244845368,5.47406294934804
3.52643869036481,3.30808908747184,5.47624986303729
3.52493632447289,3.31772946770256,5.47844211433078
3.52340136754058,3.32736349204903,5.48063972260059
3.52183398096908,3.33699106479908,5.4828427074571
3.52023432631331,3.34661209161818,5.48505108874858
3.51860256527385,3.35622647954242,5.48726488656055
3.51693885968911,3.36583413697148,5.48948412121536
3.51524337152747,3.37543497366152,5.49170881327157
3.51351626287961,3.38502890071804,5.49393898352348
3.51175769595091,3.3946158305888,5.49617465300052
3.50996783305398,3.40419567705654,5.49841584296675
3.50814683660131,3.41376835523187,5.50066257492026
3.50629486909793,3.42333378154597,5.50291487059264
3.50441209313434,3.43289187374339,5.50517275194839
3.50249867137938,3.44244255087469,5.50743624118435
3.50055476657331,3.45198573328919,5.50970536072911
3.49858054152095,3.46152134262763,5.51198013324241
3.49657615908496,3.47104930181479,5.5142605816146
3.49454178217915,3.48056953505211,5.51654672896596
3.49247757376197,3.49008196781032,5.51883859864615
3.49038369683009,3.499586526822,5.52113621423358
3.48826031441202,3.50908314007414,5.52343959953481
3.4861075895619,3.51857173680069,5.52574877858387
3.48392568535338,3.52805224747507,5.5280637756417
3.48171476487355,3.5375246038027,5.53038461519546
3.47947499121701,3.54698873871345,5.53271132195794
3.4772065274801,3.55644458635417,5.53504392086684
3.47490953675506,3.5658920820811,5.53738243708419
3.47258418212446,3.57533116245232,5.53972689599564
3.47023062665566,3.58476176522023,5.54207732320983
3.46784903339533,3.5941838293239,5.54443374455768
3.46543956536412,3.60359729488153,5.54679618609175
3.4630023855514,3.61300210318281,5.54916467408554
3.46053765691016,3.62239819668132,5.5515392350328
3.45804554235185,3.63178551898692,5.55391989564682
3.45552620474151,3.64116401485807,5.55630668285977
3.45297980689282,3.65053363019423,5.55869962382196
3.45040651156338,3.6598943120282,5.56109874590112
3.44780648145001,3.66924600851843,5.56350407668173
3.44517987918412,3.67858866894139,5.56591564396424
3.44252686732727,3.68792224368389,5.56833347576436
3.4398476083667,3.69724668423536,5.57075760031235
3.43714226471106,3.70656194318026,5.57318804605222
3.43441099868614,3.71586797419028,5.57562484164105
3.43165397253077,3.72516473201673,5.57806801594816
3.42887134839273,3.73445217248281,5.58051759805443
3.42606328832483,3.74373025247593,5.58297361725147
3.42322995428098,3.75299892994001,5.58543610304086
3.42037150811247,3.76225816386774,5.58790508513341
3.41748811156422,3.77150791429293,5.59038059344831
3.41457992627118,3.78074814228279,5.59286265811241
3.41164711375483,3.78997880993022,5.59535130945936
3.4086898354197,3.7991998803461,5.59784657802884
3.40570825255002,3.80841131765163,5.60034849456574
3.40270252630646,3.81761308697057,5.60285709001935
3.39967281772294,3.82680515442158,5.60537239554252
3.3966192877035,3.83598748711054,5.60789444249086
3.39354209701931,3.84516005312283,5.61042326242186
3.39044140630569,3.85432282151562,5.61295888709411
3.38731737605928,3.86347576231025,5.61550134846638
3.38417016663523,3.8726188464845,5.61805067869682
3.38099993824453,3.88175204596492,5.62060691014207
3.37780685095137,3.89087533361917,5.6231700753564
3.37459106467058,3.89998868324837,5.62574020709083
3.3713527391652,3.90909206957939,5.62831733829226
3.36809203404409,3.91818546825726,5.63090150210255
3.36480910875958,3.92726885583748,5.63349273185767
3.36150412260528,3.9363422097784,5.63609106108675
3.35817723471391,3.94540550843358,5.6386965235112
3.35482860405522,3.95445873104419,5.64130915304379
3.35145838943397,3.96350185773134,5.64392898378772
3.34806674948802,3.97253486948855,5.64655605003568
3.34465384268645,3.98155774817409,5.64919038626893
3.34121982732779,3.99057047650343,5.65183202715632
3.33776486153831,3.99957303804165,5.65448100755341
3.33428910327034,4.00856541719585,5.65713736250141
3.33079271030077,4.01754759920763,5.65980112722629
3.3272758402295,4.02651957014554,5.66247233713777
3.32373865047801,4.03548131689749,5.66515102782834
3.32018129828802,4.04443282716331,5.66783723507228
3.31660394072023,4.05337408944716,5.67053099482466
3.31300673465301,4.06230509305008,5.6732323432203
3.30938983678135,4.07122582806248,5.6759413165728
3.30575340361571,4.08013628535665,5.67865795137352
3.302097591481,4.08903645657934,5.68138228429049
3.29842255651567,4.09792633414426,5.68411435216745
3.29472845467078,4.10680591122468,5.68685419202272
3.29101544170922,4.11567518174597,5.68960184104825
3.2872836732049,4.12453414037822,5.69235733660843
3.28353330454209,4.13338278252884,5.69512071623914
3.2797644909148,4.14222110433515,5.69789201764657
3.27597738732619,4.15104910265705,5.70067127870621
3.27217214858806,4.15986677506964,5.70345853746169
3.26834892932043,4.1686741198559,5.70625383212373
3.26450788395113,4.17747113599934,5.70905720106895
3.26064916671552,4.18625782317672,5.71186868283885
3.25677293165616,4.19503418175074,5.71468831613856
3.25287933262269,4.20380021276277,5.7175161398358
3.2489685232716,4.21255591792558,5.72035219295965
3.24504065706622,4.22130129961612,5.72319651469945
3.24109588727664,4.23003636086824,5.72604914440358
3.23713436697976,4.23876110536553,5.72891012157832
3.23315624905937,4.2474755374341,5.73177948588663
3.2291616862063,4.25617966203539,5.73465727714696
3.22515083091858,4.26487348475903,5.73754353533206
3.22112383550177,4.27355701181566,5.74043830056773
3.21708085206916,4.28223025002985,5.74334161313162
3.21302203254222,4.29089320683293,5.74625351345196
3.20894752865097,4.29954589025596,5.74917404210634
3.20485749193443,4.30818830892257,5.75210323982044
3.20075207374117,4.31682047204199,5.75504114746674
3.19663142522987,4.32544238940194,5.75798780606328
3.19249569736992,4.33405407136163,5.76094325677233
3.18834504094212,4.34265552884476,5.7639075408991
3.18417960653936,4.35124677333251,5.76688069989046
3.17999954456742,4.35982781685661,5.76986277533356
3.17580500524577,4.36839867199232,5.77285380895453
3.17159613860846,4.37695935185158,5.77585384261712
3.16737309450499,4.38550987007601,5.77886291832136
3.16313602260129,4.39405024083006,5.78188107820217
3.15888507238075,4.40258047879415,5.78490836452801
3.15462039314524,4.41110059915774,5.78794481969944
3.1503421340162,4.41961061761255,5.79099048624776
3.14605044393582,4.42811055034572,5.79404540683357
3.14174547166819,4.43660041403297,5.79710962424536
3.13742736580054,4.44508022583188,5.80018318139806
3.13309627474455,4.45355000337506,5.80326612133158
3.12875234673758,4.46200976476344,5.80635848720935
3.12439572984412,4.47045952855951,5.80946032231688
3.12002657195713,4.47889931378063,5.8125716700602
3.1156450207995,4.48732913989235,5.8156925739644
3.11125122392554,4.4957490268017,5.81882307767214
3.10684532872247,4.50415899485055,5.82196322494206
3.10242748241201,4.51255906480901,5.82511305964729
3.09799783205197,4.52094925786874,5.82827262577385
3.09355652453789,4.52932959563644,5.83144196741915
3.08910370660469,4.5377001001272,5.83462112879033
3.08463952482841,4.54606079375796,5.83781015420273
3.08016412562795,4.554411699341,5.84100908807821
3.07567765526687,4.56275284007737,5.84421797494363
3.07118025985517,4.57108423955045,5.8474368594291
3.06667208535119,4.5794059217194,5.85066578626641
3.06215327756346,4.58771791091272,5.85390480028733
3.05762398215267,4.59602023182182,5.85715394642194
3.05308434463359,4.6043129094946,5.86041326969691
3.04853451037707,4.61259596932899,5.86368281523385
3.04397462461208,4.62086943706662,5.86696262824753
3.03940483242775,4.62913333878641,5.87025275404416
3.03482527877545,4.63738770089825,5.87355323801963
3.03023610847092,4.64563255013663,5.87686412565776
3.02563746619642,4.65386791355438,5.88018546252849
3.02102949650292,4.66209381851631,5.8835172942861
3.01641234381225,4.67031029269298,5.88685966666738
3.01178615241941,4.67851736405443,5.89021262548981
3.00715106649481,4.68671506086394,5.8935762166497
3.00250723008652,4.6949034116718,5.89695048612033
2.99785478712264,4.70308244530914,5.90033547995006
2.99319388141366,4.71125219088168,5.90373124426047
2.98852465665476,4.71941267776365,5.9071378252444
2.98384725642829,4.72756393559158,5.91055526916405
2.97916182420612,4.73570599425819,5.91398362234902
2.97446850335216,4.7438388839063,5.91742293119435
2.96976743712478,4.75196263492269,5.92087324215852
2.96505876867934,4.76007727793208,5.9243346017615
2.96034264107068,4.76818284379102,5.92780705658269
2.95561919725569,4.77627936358191,5.93129065325889
2.95088858009588,4.78436686860692,5.93478543848227
2.94615093235991,4.79244539038205,5.93829145899828
2.94140639672627,4.80051496063106,5.9418087616036
2.93665511578587,4.8085756112796,5.94533739314396
2.9318972320447,4.81662737444918,5.94887740051209
2.92713288792649,4.8246702824513,5.95242883064555
2.92236222577541,4.83270436778146,5.95599173052457
2.91758538785877,4.84072966311335,5.95956614716985
2.91280251636973,4.8487462012929,5.9631521276404
2.90801375343008,4.85675401533245,5.9667497190313
2.90321924109296,4.86475313840489,5.97035896847144
2.89841912134566,4.87274360383784,5.97397992312132
2.89361353611243,4.88072544510782,5.97761263017072
2.88880262725721,4.8886986958345,5.98125713683644
2.88398653658656,4.89666338977483,5.98491349035995
2.87916540585242,4.90461956081738,5.98858173800508
2.87433937675501,4.91256724297654,5.99226192705566
2.86950859094567,4.92050647038677,5.99595410481314
2.86467319002972,4.92843727729694,5.99965831859418
2.85983331556942,4.93635969806459,6.00337461572827
2.8549891090868,4.94427376715027,6.00710304355524
2.85014071206663,4.95217951911186,6.01084364942282
2.84528826595932,4.96007698859893,6.0145964806842
2.84043191218386,4.96796621034711,6.01836158469545
2.83557179213078,4.97584721917247,6.02213900881308
2.83070804716511,4.98372004996588,6.02592880039141
2.82584081862931,4.99158473768748,6.02973100678007
2.82097024784632,4.99944131736109,6.03354567532139
2.81609647612247,5.00728982406862,6.03737285334778
2.81121964475052,5.01513029294457,6.0412125881791
2.80633989501264,5.02296275917048,6.04506492711999
2.80145736818342,5.03078725796944,6.04892991745725
2.79657220553288,5.03860382460055,6.05280760645705
2.79168454832949,5.04641249435349,6.05669804136228
2.78679453784323,5.05421330254301,6.06060126938976
2.78190231534855,5.0620062845035,6.0645173377275
2.77700802212745,5.06979147558357,6.06844629353188
2.77211179947251,5.07756891114056,6.07238818392485
2.76721378868994,5.08533862653519,6.07634305599107
2.76231413110259,5.09310065712615,6.08031095677509
2.75741296805304,5.1008550382647,6.08429193327839
2.75251044090661,5.10860180528931,6.08828603245653
2.74760669105443,5.11634099352033,6.09229330121619
2.74270185991649,5.1240726382546,6.09631378641221
2.7377960889447,5.13179677476016,6.10034753484458
2.73288951962588,5.13951343827093,6.1043945932555
2.72798229348492,5.14722266398138,6.10845500832624
2.72307455208773,5.1549244870413,6.11252882667417
2.71816643704431,5.16261894255046,6.11661609484963
2.71325809001186,5.17030606555339,6.12071685933284
2.70834965269771,5.17798589103412,6.12483116653074
2.70344126686248,5.18565845391094,6.12895906277384
2.69853307432302,5.19332378903117,6.13310059431302
2.69362521695549,5.20098193116598,6.13725580731636
2.68871783669839,5.20863291500514,6.14142474786584
2.68381107555555,5.21627677515189,6.14560746195411
2.6789050755992,5.22391354611771,6.14980399548117
2.67399997897292,5.23154326231722,6.15401439425111
2.66909592789468,5.23916595806295,6.15823870396867
2.66419306465984,5.2467816675603,6.16247697023596
2.65929153164414,5.25439042490233,6.166729238549
2.65439147130664,5.26199226406468,6.17099555429432
2.64949302619277,5.26958721890046,6.17527596274549
2.64459633893723,5.27717532313518,6.17957050905965
2.63970155226697,5.28475661036164,6.183879238274
2.63480880900413,5.29233111403486,6.18820219530227
2.62991825206898,5.29989886746707,6.19253942493111
2.62503002448285,5.30745990382261,6.19689097181658
2.62014426937101,5.3150142561129,6.20125688048045
2.61526112996562,5.32256195719147,6.20563719530661
2.61038074960858,5.33010303974886,6.21003196053732
2.60550327175439,5.3376375363077,6.2144412202696
2.60062883997307,5.34516547921767,6.21886501845143
2.59575759795296,5.35268690065052,6.223303398878
2.59088968950356,5.36020183259513,6.22775640518791
2.58602525855835,5.36771030685252,6.23222408085937
2.58116444917759,5.37521235503091,6.23670646920635
2.57630740555113,5.38270800854077,6.24120361337467
2.57145427200112,5.39019729858992,6.24571555633814
2.56660519298484,5.39768025617858,6.25024234089455
2.56176031309735,5.40515691209447,6.25478400966178
2.55691977707428,5.41262729690791,6.25934060507376
2.55208372979448,5.42009144096694,6.26391216937645
2.54725231628271,5.42754937439243,6.26849874462376
2.54242568171231,5.43500112707321,6.27310037267352
2.53760397140783,5.44244672866122,6.2777170951833
2.53278733084764,5.44988620856664,6.28234895360629
2.52797590566653,5.45731959595308,6.28699598918714
2.52316984165828,5.46474691973271,6.29165824295771
2.51836928477824,5.47216820856147,6.29633575573286
2.51357438114582,5.47958349083424,6.30102856810616
2.508785277047,5.48699279468003,6.3057367204456
2.50400211893685,5.49439614795722,6.31046025288927
2.49922505344193,5.50179357824874,6.31519920534097
2.4944542273628,5.50918511285731,6.31995361746582
2.48968978767632,5.51657077880066,6.32472352868586
2.48493188153812,5.52395060280681,6.32950897817555
2.48018065628494,5.53132461130927,6.33431000485734
2.4754362594369,5.53869283044232,6.33912664739708
2.47069883869987,5.54605528603631,6.34395894419952
2.46596854196769,5.5534120036129,6.34880693340371
2.46124551732446,5.56076300838035,6.35367065287837
2.45652991304668,5.56810832522885,6.35855014021729
2.45182187760553,5.57544797872578,6.36344543273458
2.44712155966894,5.58278199311107,6.36835656746001
2.44242910810375,5.59011039229247,6.37328358113427
2.43774467197779,5.59743319984093,6.37822651020416
2.43306840056196,5.60475043898593,6.3831853908178
2.42840044333221,5.6120621326108,6.3881602588198
2.42374094997157,5.6193683032481,6.39315114974637
2.41909007037213,5.626668973075,6.39815809882042
2.41444795463689,5.63396416390861,6.40318114094665
2.40981475308173,5.64125389720142,6.40822031070652
2.40519061623721,5.64853819403667,6.41327564235332
2.40057569485042,5.65581707512373,6.41834716980707
2.39597013988674,5.66309056079353,6.42343492664951
2.39137410253161,5.67035867099398,6.42853894611895
2.38678773419222,5.67762142528539,6.43365926110516
2.38221118649919,5.68487884283592,6.43879590414422
2.37764461130819,5.692130942417,6.44394890741328
2.37308816070155,5.69937774239881,6.44911830272539
2.36854198698979,5.70661926074574,6.45430412152415
2.36400624271314,5.71385551501183,6.4595063948785
2.35948108064303,5.72108652233629,6.46472515347733
2.3549666537835,5.72831229943896,6.46996042762416
2.35046311537258,5.73553286261584,6.47521224723169
2.34597061888365,5.74274822773456,6.48048064181644
2.34148931802675,5.74995841022992,6.48576564049321
2.3370193667498,5.75716342509941,6.49106727196967
2.33256091923987,5.76436328689874,6.49638556454075
2.32811412992429,5.7715580097374,6.50172054608315
2.32367915347181,5.77874760727418,6.50707224404969
2.31925614479366,5.78593209271277,6.51244068546371
2.3148452590446,5.79311147879729,6.51782589691342
2.31044665162386,5.80028577780792,6.52322790454618
2.30606047817614,5.80745500155644,6.5286467340628
2.30168689459243,5.81461916138186,6.53408241071176
2.29732605701089,5.82177826814604,6.53953495928344
2.29297812181762,5.82893233222926,6.54500440410428
2.28864324564739,5.83608136352591,6.55049076903092
2.28432158538435,5.84322537144008,6.55599407744434
2.28001329816267,5.85036436488124,6.56151435224389
2.27571854136705,5.85749835225986,6.56705161584139
2.27143747263337,5.86462734148314,6.57260589015509
2.26717024984905,5.87175133995064,6.57817719660368
2.26291703115356,5.87887035454996,6.58376555610025
2.25867797493874,5.88598439165251,6.58937098904617
2.25445323984912,5.89309345710912,6.59499351532499
2.2502429847822,5.90019755624587,6.6006331542963
2.24604736888863,5.90729669385972,6.60628992478955
2.24186655157236,5.91439087421433,6.61196384509779
2.23770069249075,5.92148010103577,6.61765493297151
2.23354995155454,5.9285643775083,6.62336320561227
2.22941448892791,5.93564370627015,6.62908867966647
2.2252944650283,5.94271808940931,6.63483137121896
2.22119004052632,5.94978752845931,6.64059129578669
2.21710137634552,5.95685202439505,6.64636846831228
2.21302863366214,5.96391157762865,6.65216290315763
2.20897197390473,5.9709661880052,6.65797461409742
2.20493155875383,5.97801585479871,6.66380361431262
2.20090755014143,5.9850605767079,6.66964991638398
2.19690011025053,5.99210035185212,6.67551353228542
2.19290940151447,5.99913517776718,6.68139447337752
2.18893558661637,6.00616505140131,6.68729275040084
2.18497882848834,6.01318996911103,6.69320837346928
2.18103929031075,6.0202099266571,6.69914135206343
2.17711713551134,6.02722491920046,6.70509169502381
2.17321252776434,6.03423494129814,6.71105941054419
2.16932563098947,6.04123998689927,6.71704450616477
2.1654566093509,6.04824004934108,6.72304698876541
2.1616056272561,6.05523512134484,6.7290668645588
2.15777284935468,6.06222519501188,6.7351041390836
2.15395844053713,6.06921026181967,6.74115881719753
2.15016256593346,6.07619031261779,6.7472309030705
2.14638539091182,6.08316533762404,6.75332040017766
2.142627081077,6.09013532642046,6.7594273112924
2.13888780226891,6.09710026794947,6.76555163847936
2.13516772056096,6.10406015050992,6.77169338308745
2.13146700225834,6.11101496175326,6.77785254574272
2.12778581389622,6.11796468867963,6.78402912634135
2.12412432223798,6.12490931763406,6.79022312404251
2.12048269427323,6.13184883430258,6.79643453726122
2.11686109721584,6.13878322370847,6.80266336366123
2.11325969850181,6.1457124702084,6.80890960014778
2.10967866578721,6.1526365574887,6.81517324286042
2.10611816694584,6.1595554685616,6.82145428716579
2.102578370067,6.16646918576146,6.82775272765029
2.09905944345304,6.17337769074106,6.8340685581129
2.09556155561693,6.18028096446791,6.84040177155777
2.09208487527968,6.18717898722053,6.84675236018693
2.08862957136771,6.19407173858485,6.85312031539293
2.08519581301013,6.20095919745049,6.85950562775145
2.08178376953594,6.20784134200718,6.8659082870139
2.07839361047117,6.21471814974117,6.87232828209998
2.07502550553586,6.22158959743159,6.87876560109026
2.07167962464105,6.22845566114695,6.88522023121865
2.0683561378856,6.23531631624157,6.89169215886496
2.06505521555304,6.24217153735207,6.89818136954736
2.06177702810816,6.24902129839386,6.90468784791484
2.05852174619368,6.2558655725577,6.91121157773967
2.05528954062673,6.26270433230622,6.91775254190982
2.05208058239531,6.2695375493705,6.92431072242132
2.04889504265457,6.27636519474668,6.9308861003707
2.04573309272311,6.28318723869257,6.93747865594735
2.04259490407909,6.29000365072432,6.94408836842582
2.03948064835634,6.29681439961304,6.9507152161582
2.0363904973403,6.30361945338155,6.95735917656639
2.03332462296388,6.31041877930109,6.96402022613444
2.03028319730333,6.31721234388805,6.97069834040077
2.02726639257382,6.32400011290075,6.97739349395048
2.02427438112515,6.33078205133628,6.98410566040758
2.02130733543717,6.33755812342725,6.99083481242721
2.01836542811525,6.34432829263874,6.99758092168789
2.01544883188555,6.35109252166513,7.00434395888367
2.01255771959027,6.35785077242702,7.01112389371636
2.00969226418275,6.36460300606818,7.0179206948877
2.00685263872252,6.37134918295253,7.02473433009151
2.00403901637018,6.37808926266114,7.03156476600586
2.00125157038228,6.38482320398924,7.0384119682852
1.99849047410601,6.39155096494334,7.04527590155248
1.99575590097383,6.39827250273828,7.05215652939128
1.99304802449802,6.40498777379433,7.05905381433794
1.99036701826509,6.41169673373445,7.06596771787363
1.98771305593009,6.41839933738139,7.07289820041646
1.98508631121086,6.42509553875495,7.07984522131355
1.98248695788214,6.43178529106925,7.08680873883316
1.97991516976957,6.43846854673,7.09378871015667
1.97737112074363,6.44514525733187,7.10078509137073
1.97485498471341,6.45181537365581,7.10779783745929
1.97236693562036,6.45847884566646,7.11482690229566
1.96990714743184,6.46513562250962,7.12187223863454
1.96747579413465,6.47178565250969,7.12893379810411
1.96507304972838,6.4784288831672,7.13601153119807
1.96269908821873,6.48506526115634,7.14310538726765
1.96035408361064,6.49169473232258,7.1502153145137
1.95803820990136,6.49831724168024,7.15734125997871
1.95575164107342,6.50493273341025,7.16448316953886
1.95349455108746,6.51154115085774,7.17164098789608
1.95126711387497,6.51814243652989,7.17881465857008
1.94906950333091,6.52473653209368,7.18600412389041
1.94690189330623,6.53132337837371,7.19320932498853
1.94476445760025,6.53790291535005,7.20043020178984
1.94265736995299,6.54447508215624,7.20766669300578
1.94058080403731,6.55103981707718,7.21491873612587
1.938534933451,6.55759705754714,7.22218626740982
1.93651993170873,6.56414674014784,7.22946922187959
1.93453597223386,6.57068880060653,7.23676753331149
1.93258322835021,6.57722317379411,7.24408113422829
1.93066187327364,6.58374979372335,7.25140995589136
1.92877208010356,6.59026859354711,7.25875392829272
1.92691402181428,6.59677950555662,7.26611298014728
1.92508787124634,6.60328246117983,7.2734870388849
1.92329380109759,6.60977739097974,7.28087603064261
1.92153198391426,6.61626422465291,7.28827988025677
1.91980259208184,6.62274289102787,7.29569851125527
1.91810579781594,6.62921331806368,7.30313184584975
1.91644177315291,6.63567543284853,7.3105798049278
1.91481068994042,6.64212916159834,7.31804230804524
1.9132127198279,6.64857442965547,7.32551927341839
1.91164803425688,6.65501116148748,7.33301061791631
1.91011680445119,6.6614392806859,7.34051625705319
1.90861920140701,6.66785870996509,7.34803610498062
1.90715539588288,6.67426937116114,7.35557007447995
1.90572555838953,6.68067118523088,7.36311807695472
1.9043298591796,6.68706407225084,7.37068002242302
1.90296846823723,6.69344795141636,7.37825581950993
1.90164155526755,6.69982274104075,7.38584537544
1.90034928968607,6.70618835855445,7.39344859602974
1.89909184060788,6.71254472050431,7.40106538568012
1.89786937683675,6.7188917425529,7.40869564736914
1.8966820668542,6.72522933947792,7.41633928264441
1.89553007880827,6.73155742517157,7.42399619161578
1.89441358050236,6.73787591264017,7.43166627294795
1.89333273938378,6.7441847140036,7.43934942385322
1.89228772253231,6.75048374049503,7.44704554008417
1.89127869664851,6.75677290246059,7.45475451592645
1.89030582804206,6.76305210935913,7.46247624419155
1.88936928261982,6.76932126976204,7.47021061620966
1.88846922587384,6.77558029135318,7.47795752182259
1.88760582286929,6.78182908092882,7.48571684937665
1.88677923823215,6.78806754439769,7.49348848571561
1.8859896011072,6.79429559494041,7.50127230609177
1.88523690038477,6.80051317804661,7.50906814484972
1.88452108933614,6.80672024804777,7.51687582674279
1.88384212056472,6.81291676006585,7.52469517711333
1.88319994601309,6.81910267001063,7.53252602189536
1.88259451697011,6.82527793457701,7.54036818761722
1.88202578407792,6.83144251124226,7.54822150140413
1.88149369733898,6.83759635826331,7.55608579098067
1.88099820612298,6.843739434674,7.56396088467328
1.88053925917388,6.84987170028229,7.5718466114126
1.88011680461677,6.85599311566753,7.57974280073585
1.8797307899648,6.86210364217763,7.58764928278906
1.87938116212601,6.86820324192629,7.59556588832935
1.87906786741021,6.87429187779015,7.60349244872705
1.87879085153575,6.88036951340597,7.61142879596785
1.87855005963636,6.88643611316782,7.61937476265484
1.87834543626781,6.89249164222418,7.62733018201051
1.87817692541472,6.89853606647513,7.63529488787872
1.8780444704972,6.9045693525694,7.64326871472656
1.87794801437754,6.91059146790158,7.65125149764626
1.87788749936682,6.91660238060912,7.6592430723569
1.87786286723152,6.92260205956951,7.66724327520622
1.87787405920011,6.9285904743973,7.67525194317225
1.87792101596957,6.93456759544122,7.68326891386498
1.8780036777119,6.94053339378119,7.69129402552795
1.87812198408061,6.94648784122544,7.69932711703974
1.87827587421719,6.95243091030749,7.70736802791549
1.87846528675746,6.95836257428324,7.71541659830832
1.87869015983805,6.96428280712795,7.72347266901073
1.87895043110267,6.9701915835333,7.73153608145586
1.87924603770849,6.97608887890438,7.73960667771889
1.8795769163324,6.9819746693567,7.74768430051818
1.8799430031773,6.9878489317132,7.75576879321649
1.88034423397828,6.9937116435012,7.76385999982213
1.88078054400888,6.99956278294943,7.77195776499003
1.88125186808719,7.00540232898501,7.78006193402279
1.88175814058203,7.01123026123037,7.78817235287169
1.88229929541901,7.01704656000024,7.79628886813762
1.88287526608663,7.02285120629864,7.80441132707198
1.88348598564229,7.02864418181581,7.81253957757759
1.8841313867183,7.03442546892514,7.82067346820942
1.88481140152785,7.04019505068014,7.82881284817543
1.88552596187091,7.04595291081139,7.83695756733726
1.8862749991402,7.05169903372343,7.84510747621092
1.88705844432698,7.05743340449174,7.85326242596741
1.88787622802695,7.06315600885965,7.86142226843332
1.888728280446,7.06886683323523,7.8695868560914
1.88961453140601,7.07456586468828,7.87775604208102
1.89053491035056,7.08025309094718,7.88592968019868
1.89148934635066,7.08592850039583,7.89410762489841
1.89247776811038,7.0915920820706,7.90228973129213
1.8935001039725,7.09724382565714,7.91047585515004
1.89455628192411,7.10288372148741,7.91866585290085
1.89564622960218,7.10851176053648,7.9268595816321
1.89676987429906,7.11412793441949,7.93505689909032
1.89792714296801,7.11973223538854,7.94325766368127
1.89911796222863,7.12532465632958,7.95146173447001
1.90034225837232,7.13090519075933,7.95966897118105
1.90159995736766,7.13647383282214,7.96787923419836
1.90289098486574,7.14203057728692,7.97609238456544
1.90421526620552,7.14757541954403,7.98430828398528
1.90557272641911,7.15310835560217,7.99252679482029
1.90696329023701,7.15862938208526,8.00074778009222
1.90838688209336,7.16413849622938,8.00897110348204
1.90984342613108,7.16963569587963,8.01719662932975
1.91133284620706,7.17512097948704,8.02542422263422
1.91285506589726,7.18059434610544,8.03365374905287
1.9144100085018,7.18605579538842,8.04188507490149
1.91599759704999,7.19150532758615,8.05011806715385
1.91761775430534,7.19694294354236,8.05835259344143
1.91927040277058,7.20236864469118,8.06658852205294
1.92095546469253,7.20778243305407,8.07482572193403
1.92267286206707,7.21318431123673,8.08306406268674
1.92442251664398,7.21857428242598,8.09130341456904
1.92620434993179,7.22395235038672,8.09954364849437
1.92801828320257,7.22931851945878,8.10778463603102
1.9298642374967,7.23467279455387,8.1160262494016
1.93174213362762,7.24001518115251,8.12426836148238
1.9336518921865,7.2453456853009,8.1325108458027
1.93559343354692,7.2506643136079,8.14075357654426
1.9375666778695,7.2559710732419,8.14899642854041
1.93957154510646,7.26126597192781,8.15723927727541
1.94160795500624,7.26654901794392,8.16548199888369
1.94367582711795,7.27182022011891,8.17372447014904
1.94577508079592,7.27707958782873,8.18196656850373
1.9479056352041,7.28232713099358,8.19020817202773
1.95006740932054,7.28756286007484,8.19844915944776
1.95226032194169,7.29278678607204,8.20668941013641
1.95448429168683,7.29799892051979,8.21492880411117
1.95673923700233,7.30319927548475,8.22316722203347
1.95902507616595,7.30838786356261,8.23140454520768
1.96134172729107,7.31356469787505,8.23964065558006
1.96368910833093,7.31872979206671,8.24787543573772
1.96606713708276,7.32388316030218,8.25610876890753
1.96847573119195,7.32902481726297,8.26434053895502
1.97091480815614,7.33415477814452,8.27257063038322
1.97338428532929,7.33927305865318,8.28079892833152
1.97588407992574,7.34437967500324,8.28902531857445
1.97841410902417,7.34947464391387,8.2972496875205
1.98097428957159,7.35455798260622,8.30547192221087
1.98356453838729,7.35962970880038,8.31369191031817
1.98618477216667,7.36468984071242,8.3219095401452
1.98883490748519,7.36973839705145,8.33012470062356
1.99151486080214,7.37477539701661,8.33833728131236
1.99422454846444,7.37980086029411,8.34654717239685
1.99696388671041,7.38481480705436,8.35475426468703
1.99973279167351,7.38981725794895,8.36295844961623
2.00253117938601,7.39480823410772,8.37115961923971
2.00535896578262,7.39978775713588,8.37935766623319
2.00821606670419,7.40475584911102,8.38755248389134
2.01110239790123,7.40971253258027,8.39574396612636
2.01401787503747,7.41465783055733,8.4039320074664
2.01696241369343,7.41959176651959,8.41211650305403
2.01993592936986,7.42451436440526,8.42029734864468
2.0229383374912,7.42942564861043,8.42847444060508
2.02596955340901,7.43432564398626,8.43664767591165
2.02902949240537,7.43921437583604,8.44481695214883
2.03211806969619,7.44409186991239,8.45298216750753
2.03523520043457,7.44895815241435,8.46114322078336
2.03838079971405,7.45381324998458,8.46930001137504
2.04155478257189,7.45865718970648,8.47745243928264
2.04475706399228,7.4634899991014,8.48560040510591
2.04798755890951,7.46831170612576,8.49374381004247
2.05124618221113,7.47312233916832,8.50188255588615
2.05453284874111,7.47792192704726,8.51001654502514
2.05784747330283,7.48271049900749,8.5181456804402
2.06118997066222,7.48748808471781,8.52626986570292
2.06456025555076,7.49225471426811,8.53438900497382
2.06795824266844,7.49701041816666,8.54250300300053
2.07138384668671,7.50175522733726,8.55061176511596
2.07483698225146,7.50648917311657,8.55871519723637
2.07831756398585,7.51121228725129,8.56681320585951
2.08182550649318,7.51592460189551,8.57490569806273
2.08536072435973,7.52062614960788,8.58299258150101
2.08892313215753,7.52531696334895,8.59107376440507
2.09251264444715,7.52999707647847,8.59914915557935
2.09612917578037,7.53466652275264,8.60721866440011
2.09977264070296,7.53932533632147,8.61528220081342
2.10344295375726,7.54397355172606,8.62333967533315
2.10714002948485,7.54861120389593,8.63139099903895
2.11086378242916,7.55323832814639,8.63943608357428
2.11461412713802,7.55785496017582,8.6474748411443
2.11839097816617,7.56246113606311,8.65550718451386
2.12219425007784,7.56705689226493,8.66353302700542
2.12602385744914,7.57164226561319,8.67155228249697
2.12987971487056,7.57621729331235,8.67956486541995
2.13376173694933,7.58078201293688,8.68757069075713
2.13766983831187,7.58533646242859,8.69556967404049
2.14160393360605,7.58988068009412,8.70356173134913
2.1455639375036,7.59441470460227,8.71154677930709
2.1495497647023,7.59893857498155,8.7195247350812
2.15356132992832,7.60345233061749,8.72749551637893
2.15759854793841,7.60795601125019,8.73545904144625
2.16166133352207,7.61244965697173,8.74341522906536
2.16574960150376,7.61693330822367,8.75136399855257
2.16986326674501,7.6214070057945,8.75930526975608
2.17400224414653,7.62587079081716,8.76723896305373
2.17816644865025,7.63032470476653,8.77516499935082
2.18235579524143,7.63476878945692,8.78308330007785
2.18657019895063,7.63920308703963,8.79099378718825
2.19080957485568,7.64362764000045,8.79889638315619
2.19507383808366,7.64804249115722,8.80679101097428
2.19936290381282,7.65244768365734,8.81467759415128
2.20367668727449,7.65684326097541,8.82255605670985
2.2080151037549,7.6612292669107,8.83042632318425
2.21237806859707,7.66560574558484,8.83828831861803
2.21676549720256,7.6699727414393,8.84614196856177
2.22117730503331,7.6743302992331,8.8539871990707
2.22561340761333,7.67867846404033,8.86182393670244
2.23007372053047,7.68301728124783,8.86965210851463
2.23455815943807,7.6873467965528,8.87747164206261
2.23906664005667,7.69166705596044,8.88528246539709
2.24359907817557,7.69597810578162,8.89308450706178
2.24815538965452,7.70027999263052,8.90087769609106
2.25273549042524,7.70457276342231,8.90866196200759
2.25733929649299,7.70885646537086,8.91643723481994
2.2619667239381,7.71313114598638,8.92420344502026
2.26661768891744,7.71739685307319,8.93196052358184
2.2712921076659,7.72165363472737,8.93970840195677
2.27598989649782,7.72590153933453,8.94744701207353
2.28071097180842,7.73014061556751,8.95517628633458
2.28545525007515,7.73437091238416,8.962896157614
2.29022264785908,7.73859247902509,8.97060655925503
2.29501308180618,7.74280536501139,8.97830742506771
2.29982646864869,7.74700962014246,8.98599868932641
2.30466272520633,7.75120529449378,8.99368028676747
2.30952176838759,7.75539243841467,9.00135215258671
2.31440351519089,7.75957110252617,9.00901422243707
2.31930788270587,7.76374133771878,9.01666643242611
2.32423478811446,7.76790319515033,9.02430871911362
2.32918414869209,7.77205672624382,9.03194101950918
2.33415588180875,7.77620198268523,9.03956327106968
2.33914990493012,7.78033901642143,9.04717541169692
2.34416613561861,7.78446787965798,9.05477737973511
2.3492044915344,7.78858862485707,9.06236911396848
2.35426489043644,7.7927013047354,9.06995055361874
2.35934725018346,7.79680597226201,9.07752163834273
2.36445148873491,7.80090268065629,9.08508230822987
2.36957752415187,7.80499148338581,9.09263250379972
2.37472527459802,7.8090724341643,9.10017216599957
2.37989465834044,7.81314558694956,9.10770123620189
2.38508559375056,7.81721099594143,9.11521965620191
2.3902979993049,7.82126871557973,9.12272736821517
2.39553179358595,7.82531880054223,9.130224314875
2.40078689528289,7.82936130574264,9.13771043923006
2.40606322319242,7.83339628632856,9.14518568474191
2.41136069621941,7.83742379767955,9.15264999528247
2.41667923337768,7.84144389540504,9.16010331513161
2.42201875379064,7.84545663534245,9.16754558897462
2.42737917669197,7.84946207355513,9.17497676189976
2.43276042142624,7.85346026633043,9.18239677939579
2.43816240744954,7.85745127017776,9.18980558734948
2.44358505433007,7.86143514182662,9.19720313204312
2.44902828174867,7.86541193822469,9.20458936015209
2.45449200949941,7.86938171653589,9.21196421874231
2.45997615749005,7.87334453413845,9.21932765526784
2.46548064574259,7.87730044862304,9.22667961756836
2.47100539439371,7.88124951779082,9.2340200538667
2.47655032369521,7.88519179965162,9.24134891276638
2.48211535401447,7.88912735242202,9.2486661432491
2.4877004058348,7.89305623452346,9.25597169467231
2.49330539975586,7.89697850458044,9.26326551676672
2.49893025649401,7.90089422141862,9.27054755963384
2.50457489688262,7.90480344406302,9.27781777374347
2.51023924187241,7.90870623173613,9.28507610993128
2.5159232125317,7.91260264385615,9.29232251939633
2.52162673004674,7.91649274003514,9.2995569536986
2.52734971572189,7.92037658007724,9.30677936475651
2.53309209097986,7.92425422397684,9.31398970484451
2.53885377736193,7.92812573191683,9.32118792659056
2.54463469652812,7.93199116426678,9.32837398297371
2.55043477025734,7.93585058158124,9.33554782732165
2.55625392044752,7.9397040445979,9.34270941330824
2.56209206911575,7.94355161423588,9.34985869495107
2.56794913839834,7.94739335159401,9.35699562660901
2.57382505055093,7.95122931794905,9.36412016297976
2.57971972794848,7.95505957475399,9.37123225909743
2.58563309308537,7.95888418363633,9.37833187033009
2.59156506857538,7.96270320639635,9.38541895237734
2.59751557715165,7.96651670500548,9.39249346126784
2.60348454166671,7.9703247416045,9.39955535335697
2.60947188509236,7.97412737850197,9.40660458532431
2.61547753051964,7.97792467817248,9.41364111417127
2.62150140115873,7.98171670325499,9.42066489721869
2.62754342033882,7.98550351655121,9.42767589210436
2.633603511508,7.98928518102394,9.43467405678069
2.63968159823309,7.99306175979537,9.44165934951223
2.64577760419949,7.99683331614555,9.44863172887334
2.65189145321094,8.00059991351065,9.45559115374572
2.65802306918935,8.00436161548145,9.46253758331609
2.66417237617458,8.00811848580163,9.46947097707375
2.67033929832415,8.01187058836626,9.4763912948082
2.67652375991297,8.01561798722013,9.48329849660679
2.68272568533309,8.01936074655619,9.49019254285231
2.68894499909338,8.02309893071402,9.49707339422066
2.69518162581916,8.02683260417815,9.50394101167845
2.70143549025192,8.0305618315766,9.51079535648064
2.70770651724891,8.03428667767925,9.51763639016821
2.71399463178278,8.03800720739634,9.52446407456581
2.72029975894116,8.0417234857769,9.53127837177938
2.72662182392626,8.04543557800723,9.53807924419384
2.73296075205443,8.04914354940935,9.54486665447075
2.73931646875568,8.05284746543948,9.55164056554597
2.74568889957326,8.05654739168658,9.55840094062737
2.75207797016311,8.06024339387076,9.56514774319247
2.75848360629338,8.06393553784185,9.57188093698615
2.76490573384392,8.06762388957785,9.57860048601836
2.7713442788057,8.07130851518346,9.58530635456178
2.77779916728027,8.07498948088865,9.59199850714956
2.78427032547918,8.0786668530471,9.59867690857302
2.79075767972339,8.0823406981348,9.60534152387938
2.79726115644263,8.08601108274857,9.61199231836946
2.80378068217482,8.08967807360458,9.61862925759543
2.81031618356537,8.09334173753695,9.62525230735855
2.81686758736655,8.09700214149626,9.63186143370691
2.82343482043681,8.10065935254815,9.63845660293315
2.83001780974007,8.10431343787186,9.64503778157229
2.83661648234502,8.10796446475883,9.65160493639941
2.84323076542437,8.11161250061127,9.65815803442748
2.84986058625415,8.11525761294075,9.66469704290511
2.85650587221288,8.1188998693668,9.67122192931435
2.86316655078088,8.12253933761551,9.67773266136846
2.8698425495394,8.12617608551811,9.68422920700974
2.87653379616985,8.12981018100962,9.6907115344073
2.88324021845297,8.13344169212742,9.69717961195489
2.889961744268,8.13707068700994,9.70363340826874
2.89669830159179,8.1406972338952,9.71007289218535
2.90344981849798,8.1443214011195,9.71649803275935
2.91021622315608,8.14794325711607,9.72290879926134
2.91699744383058,8.15156287041365,9.72930516117572
2.92379340888004,8.15518030963518,9.73568708819858
2.93060404675614,8.15879564349645,9.74205455023554
2.93742928600276,8.16240894080476,9.74840751739964
2.94426905525502,8.16602027045757,9.75474596000919
2.95112328323828,8.16962970144115,9.76106984858572
2.95799189876717,8.17323730282929,9.7673791538518
2.96487483074459,8.17684314378196,9.773673846729
2.97177200816068,8.18044729354397,9.77995389833578
2.97868336009181,8.1840498214437,9.78621927998543
2.98560881569951,8.18765079689171,9.79246996318397
2.99254830422944,8.19125028937953,9.79870591962811
2.99950175501026,8.19484836847828,9.80492712120319
3.00646909745264,8.19844510383742,9.81113353998112
3.01345026104805,8.20204056518342,9.81732514821836
3.02044517536773,8.2056348223185,9.8235019183539
3.02745377006153,8.20922794511931,9.8296638230072
3.03447597485675,8.21282000353567,9.83581083497623
3.04151171955705,8.21641106758928,9.84194292723542
3.04856093404119,8.22000120737246,9.84806007293368
3.05562354826194,8.22359049304685,9.85416224539244
3.06269949224484,8.22717899484215,9.86024941810364
3.06978869608701,8.23076678305486,9.86632156472777
3.07689108995591,8.23435392804703,9.87237865909192
3.08400660408814,8.23794050024496,9.87842067518781
3.09113516878817,8.24152657013799,9.88444758716989
3.09827671442712,8.2451122082772,9.89045936935335
3.10543117144146,8.24869748527418,9.89645599621225
3.11259847033173,8.25228247179983,9.90243744237757
3.11977854166127,8.255867238583,9.9084036826353
3.12697131605491,8.25945185640936,9.91435469192459
3.13417672419762,8.26303639612008,9.92029044533583
3.14139469683326,8.26662092861065,9.92621091810877
3.14862516476316,8.27020552482962,9.93211608563067
3.15586805884481,8.27379025577735,9.93800592343442
3.16312330999048,8.27737519250479,9.94388040719672
3.17039084916587,8.28096040611227,9.94973951273621
3.17767060738871,8.28454596774825,9.95558321601166
3.18496251572739,8.28813194860808,9.96141149312015
3.19226650529947,8.29171841993282,9.96722432029526
3.19958250727038,8.29530545300798,9.97302167390525
3.2069104528519,8.29889311916234,9.9788035304513
3.21425027330078,8.30248148976667,9.9845698665657
3.22160189991722,8.30607063623257,9.99032065901011
3.22896526404351,8.30966063001124,9.99605588467376
3.23634029706245,8.3132515425922,10.0017755205717
3.24372693039595,8.31684344550221,10.0074795438432
3.25112509550349,8.32043641030394,10.0131679317497
3.25853472388066,8.32403050859479,10.0188406616735
3.2659557470576,8.32762581200569,10.0244977111156
3.27338809659751,8.33122239219991,10.0301390576945
3.28083170409512,8.33482032087182,10.035764679144
3.28828650117513,8.33841966974567,10.041374553312
3.29575241949066,8.34202051057442,10.0469686581583
3.30322939072171,8.34562291513852,10.0525469717535
3.31071734657357,8.34922695524468,10.058109472277
3.31821621877524,8.35283270272469,10.0636561380154
3.32572593907785,8.35644022943422,10.069186947361
3.33324643925306,8.36004960725157,10.0747018788099
3.34077765109147,8.3636609080765,10.0802009109608
3.34831950640094,8.36727420382903,10.0856840225132
3.35587193700505,8.3708895664482,10.0911511922656
3.36343487474141,8.37450706789089,10.0966023991144
3.37100825146004,8.37812678013059,10.1020376220518
3.37859199902169,8.38174877515623,10.1074568401647
3.38618604929622,8.38537312497093,10.1128600326329
3.39379033416092,8.38899990159081,10.1182471787277
3.40140478549881,8.39262917704376,10.1236182578101
3.40902933519698,8.3962610233683,10.1289732493297
3.41666391514489,8.39989551261226,10.1343121328229
3.42430845723265,8.40353271683166,10.1396348879117
3.43196289334936,8.40717270808945,10.1449414943017
3.43962715538133,8.41081555845431,10.1502319317812
3.44730117521041,8.4144613399994,10.1555061802194
3.45498488471223,8.41811012480123,10.1607642195652
3.46267821575446,8.42176198493834,10.1660060298454
3.47038110019509,8.42541699249013,10.1712315911637
3.47809346988061,8.42907521953564,10.1764408836989
3.48581525664434,8.43273673815233,10.1816338877038
3.49354639230459,8.43640162041481,10.1868105835037
3.50128680866292,8.44006993839368,10.191970951495
3.50903643750232,8.44374176415424,10.1971149721438
3.51679521058548,8.4474171697553,10.2022426259847
3.52456305965295,8.45109622724792,10.2073538936192
3.53233991642132,8.45477900867419,10.2124487557145
3.54012571258147,8.45846558606599,10.2175271930024
3.54792037979671,8.46215603144374,10.2225891862775
3.55572384970096,8.46585041681518,10.2276347163964
3.56353605389694,8.46954881417407,10.2326637642761
3.57135692395432,8.47325129549901,10.2376763108927
3.57918639140787,8.47695793275214,10.2426723372805
3.58702438775566,8.48066879787791,10.2476518245303
3.59487084445715,8.4843839628018,10.2526147537883
3.60272569293135,8.48810349942908,10.257561106255
3.61058886455498,8.49182747964357,10.2624908631841
3.61846029066057,8.49555597530631,10.2674040058807
3.62633990253459,8.49928905825431,10.2723005157008
3.6342276314156,8.50302680029933,10.2771803740496
3.6421234084923,8.50676927322652,10.2820435623807
3.65002716490172,8.51051654879321,10.2868900621948
3.65793883172726,8.51426869872758,10.2917198550384
3.6658583399968,8.51802579472738,10.2965329225028
3.67378562068083,8.52178790845868,10.301329246223
3.68172060469048,8.52555511155448,10.3061088078767
3.68966322287568,8.52932747561353,10.3108715891829
3.69761340602316,8.5331050721989,10.3156175719009
3.70557108485458,8.53688797283678,10.3203467378295
3.71353619002459,8.54067624901509,10.3250590688055
3.72150865211887,8.5444699721822,10.3297545467031
3.72948840165224,8.5482692137456,10.3344331534324
3.73747536906666,8.55207404507058,10.3390948709388
3.74546948472934,8.55588453747887,10.3437396812016
3.75347067893075,8.55970076224734,10.3483675662335
3.7614788818827,8.56352279060662,10.3529785080788
3.76949402371635,8.56735069373979,10.3575724888134
3.77751603448027,8.57118454278101,10.362149490543
3.78554484413847,8.57502440881415,10.3667094954026
3.79358038256844,8.57887036287147,10.3712524855555
3.80162257955916,8.58272247593222,10.3757784431923
3.80967136480916,8.58658081892123,10.3802873505298
3.81772666792449,8.59044546270764,10.3847791898106
3.82578841841681,8.5943164781034,10.3892539433016
3.83385654570134,8.59819393586195,10.3937115932936
3.84193097909492,8.60207790667678,10.3981521221002
3.85001164781401,8.6059684611801,10.4025755120569
3.85809848097268,8.60986566994133,10.4069817455205
3.86619140758064,8.61376960346578,10.4113708048679
3.87429035654123,8.61768033219318,10.4157426724956
3.88239525664943,8.62159792649626,10.4200973308189
3.89050603658988,8.62552245667933,10.4244347622707
3.89862262493484,8.62945399297683,10.4287549493014
3.90674495014219,8.63339260555188,10.4330578743774
3.91487294055347,8.63733836449483,10.4373435199809
3.92300652439182,8.64129133982186,10.4416118686087
3.93114562976,8.6452516014734,10.4458629027719
3.93929018463836,8.64921921931275,10.450096604995
3.94744011688285,8.65319426312459,10.4543129578152
3.95559535422301,8.65717680261344,10.4585119437815
3.96375582425991,8.66116690740223,10.4626935454545
3.9719214544642,8.66516464703076,10.4668577454052
3.98009217217405,8.66917009095419,10.4710045262147
3.98826790459314,8.67318330854157,10.4751338704735
3.99644857878865,8.6772043690743,10.4792457607808
4.00463412168925,8.68123334174453,10.4833401797438
4.01282446008306,8.68527029565372,10.4874171099775
4.02101952061563,8.68931529981108,10.4914765341034
4.02921922978796,8.69336842313193,10.4955184347498
4.03742351395444,8.69742973443626,10.4995427945505
4.04563229932082,8.70149930244707,10.5035495961445
4.05384551194226,8.70557719578885,10.5075388221757
4.06206307772122,8.70966348298594,10.5115104552921
4.07028492240552,8.71375823246101,10.5154644781453
4.07851097158626,8.71786151253339,10.5194008733902
4.08674115069585,8.72197339141749,10.5233196236842
4.09497538500594,8.7260939372212,10.527220711687
4.10321359962547,8.73022321794424,10.5311041200602
4.11145571949861,8.73436130147651,10.5349698314665
4.11970166940272,8.7385082555965,10.5388178285696
4.12795137394642,8.74266414796958,10.5426480940337
4.13620475756749,8.74682904614638,10.5464606105228
4.14446174453092,8.75100301756109,10.5502553607011
4.15272225892685,8.75518612952979,10.5540323272315
4.16098622466863,8.7593784492488,10.5577914927761
4.16925356549074,8.76358004379291,10.5615328399958
4.17752420494681,8.76779098011375,10.5652563515493
4.18579806640766,8.77201132503802,10.5689620100936
4.19407507305924,8.77624114526577,10.5726497982831
4.20235514790064,8.78048050736873,10.5763196987696
4.21063821374216,8.78472947778846,10.5799716942019
4.21892419320323,8.78898812283469,10.5836057672255
4.22721300871045,8.79325650868351,10.5872219004826
4.23550458249562,8.79753470137563,10.5908200766114
4.24379883659375,8.80182276681453,10.5944002782464
4.25209569284105,8.80612077076476,10.5979624880178
4.26039507287299,8.81042877885006,10.6015066885514
4.26869689812228,8.81474685655161,10.6050328624685
4.27700108981693,8.81907506920617,10.6085409923857
4.28530756897827,8.82341348200424,10.6120310609145
4.29361625641899,8.82776215998826,10.6155030506615
4.30192707274114,8.83212116805074,10.6189569442283
4.31023993833427,8.83649057093233,10.6223927242109
4.31855477337332,8.84087043322009,10.6258103732002
4.32687149781683,8.84526081934548,10.6292098737813
4.33519003140489,8.84966179358249,10.6325912085339
4.34351029365722,8.85407342004579,10.6359543600322
4.35183220387126,8.85849576268877,10.6392993108447
4.36015568112021,8.86292888530162,10.6426260435339
4.36848064425113,8.86737285150939,10.6459345406569
4.37680701188296,8.87182772477006,10.649224784765
4.38513470240467,8.87629356837256,10.6524967584038
4.3934636339733,8.88077044543482,10.655750444113
4.40179372451208,8.88525841890179,10.6589858244269
4.4101248917085,8.88975755154341,10.6622028818741
4.41845705301245,8.89426790595265,10.6654015989776
4.42679012563429,8.89878954454348,10.6685819582549
4.43512402654298,8.90332252954885,10.6717439422184
4.44345867246423,8.90786692301865,10.6748875333748
4.45179397987857,8.91242278681765,10.6780127142261
4.46012986501952,8.91699018262347,10.6811194672691
4.46846624387174,8.92156917192448,10.6842077749956
4.47680303216914,8.92615981601773,10.6872776198929
4.48514014539305,8.93076217600684,10.6903289844437
4.49347749877041,8.93537631279995,10.6933618511265
4.50181500727186,8.9400022871075,10.6963762024156
4.51015258561,8.94464015944022,10.6993720207814
4.51849014823753,8.94928999010689,10.7023492886907
4.5268276093454,8.95395183921225,10.7053079886068
4.5351648828611,8.95862576665479,10.70824810299
4.54350188244678,8.96331183212463,10.7111696142976
4.55183852149748,8.96801009510126,10.7140725049846
4.56017058250895,8.97271827764631,10.716955332915
